word	docfreq
a	3224
on	3223
as	3223
with	3222
of	3222
and	3222
that	3222
one	3222
the	3222
an	3222
it	3222
but	3222
to	3222
in	3222
for	3222
not	3222
then	3221
by	3221
at	3221
so	3221
this	3221
was	3221
from	3221
out	3221
be	3221
there	3220
all	3220
when	3220
up	3220
no	3219
could	3219
i	3219
them	3219
some	3219
or	3219
is	3219
would	3219
have	3219
they	3219
his	3219
down	3218
he	3218
what	3218
who	3217
more	3217
like	3217
their	3217
time	3217
two	3217
do	3217
now	3217
been	3217
had	3217
him	3216
were	3216
made	3216
day	3216
come	3216
where	3215
long	3215
did	3215
back	3215
if	3215
while	3214
good	3214
over	3214
much	3214
before	3214
how	3213
which	3213
into	3213
you	3213
other	3213
will	3213
off	3213
came	3213
too	3212
each	3212
after	3212
place	3212
see	3212
make	3212
go	3212
found	3212
about	3211
said	3211
old	3211
can	3210
me	3210
last	3210
never	3210
took	3210
away	3210
man	3210
just	3210
these	3210
here	3209
way	3209
again	3209
through	3209
are	3209
once	3209
very	3209
put	3209
should	3209
only	3208
went	3208
we	3207
my	3207
well	3207
little	3207
than	3207
saw	3207
thought	3207
left	3207
told	3207
let	3206
heard	3206
must	3206
tell	3205
still	3205
head	3205
has	3205
its	3205
know	3205
her	3204
those	3204
great	3204
right	3204
many	3204
every	3204
home	3203
next	3203
take	3203
any	3203
three	3202
such	3202
us	3202
night	3202
called	3202
even	3202
another	3202
eyes	3201
get	3201
why	3201
she	3201
look	3201
seen	3200
himself	3200
say	3199
most	3199
same	3199
soon	3199
your	3199
own	3199
enough	3198
face	3198
without	3198
under	3198
hand	3198
think	3198
ever	3198
far	3198
gave	3197
might	3197
give	3197
nothing	3196
knew	3196
few	3195
life	3195
both	3195
end	3195
side	3194
set	3194
being	3194
always	3194
work	3194
days	3194
men	3193
done	3192
things	3192
full	3192
hands	3191
turned	3191
keep	3190
leave	3190
better	3189
looked	3189
new	3189
brought	3189
together	3189
gone	3188
young	3188
small	3188
rest	3187
our	3187
because	3186
asked	3186
between	3185
hard	3185
along	3185
going	3184
something	3184
first	3184
mind	3184
people	3183
thing	3182
help	3182
behind	3181
high	3181
looking	3181
hear	3180
near	3179
times	3179
may	3179
felt	3178
world	3178
fell	3177
sure	3177
stood	3177
years	3177
part	3176
best	3176
morning	3176
open	3175
since	3174
light	3174
coming	3174
name	3174
yet	3173
am	3172
kind	3172
used	3172
air	3172
began	3171
voice	3171
whole	3171
against	3171
lost	3170
passed	3170
sat	3170
though	3169
held	3169
house	3169
water	3169
kept	3168
want	3167
taken	3167
having	3167
bring	3166
live	3165
alone	3165
turn	3164
call	3164
white	3164
feet	3164
got	3163
making	3163
others	3162
's	3161
show	3159
short	3158
close	3158
lay	3158
hold	3158
heart	3157
also	3156
dead	3156
given	3156
half	3154
use	3154
almost	3154
matter	3152
tried	3151
word	3151
seemed	3151
ran	3151
taking	3151
moment	3151
course	3150
else	3150
door	3149
ask	3149
ready	3149
second	3149
run	3148
words	3147
themselves	3147
longer	3146
opened	3146
dark	3145
care	3144
across	3142
ground	3142
black	3141
became	3141
sleep	3139
sent	3139
true	3138
deep	3138
followed	3138
does	3137
friends	3137
arms	3137
known	3136
able	3136
doing	3136
quite	3136
strong	3136
believe	3135
caught	3135
met	3134
four	3134
cut	3134
above	3134
try	3134
happened	3134
sound	3133
need	3133
already	3133
stand	3132
hair	3132
around	3131
yes	3131
sight	3131
until	3130
large	3130
feel	3129
saying	3129
cold	3129
carried	3127
reached	3127
standing	3126
wait	3124
late	3124
anything	3123
friend	3122
poor	3121
stay	3120
stopped	3120
become	3120
room	3120
suddenly	3119
mouth	3119
walked	3119
answer	3119
body	3115
early	3115
bad	3115
woman	3115
talk	3115
often	3114
clear	3113
front	3113
bed	3113
ago	3112
story	3111
whose	3110
stop	3110
fall	3109
everything	3109
either	3108
started	3107
hope	3106
sitting	3106
mother	3106
death	3105
thinking	3105
meet	3104
lived	3103
year	3103
speak	3103
watch	3103
instead	3102
waiting	3102
heavy	3101
least	3101
spoke	3101
none	3100
top	3100
strange	3100
myself	3100
remember	3099
foot	3099
walk	3099
wanted	3098
fear	3098
boy	3097
find	3096
red	3096
past	3095
upon	3094
reason	3094
running	3093
rather	3093
oh	3093
evening	3092
outside	3091
trouble	3090
love	3090
happy	3089
living	3089
afraid	3089
different	3088
change	3087
wish	3087
move	3086
sun	3084
among	3083
moved	3082
low	3082
eye	3081
forward	3081
broke	3080
understand	3080
returned	3079
order	3079
return	3079
leaving	3079
free	3079
less	3078
mean	3076
round	3075
point	3075
hours	3075
really	3074
father	3073
sit	3073
pass	3072
led	3071
seeing	3070
died	3069
feeling	3068
sometimes	3068
during	3066
ten	3065
play	3064
comes	3063
quiet	3061
country	3061
beautiful	3061
broken	3060
arm	3060
nor	3060
wind	3058
getting	3058
trying	3055
fire	3053
changed	3052
except	3052
straight	3052
whom	3051
fast	3051
slowly	3051
perhaps	3050
means	3050
case	3050
whether	3047
break	3045
giving	3045
real	3044
rose	3044
certain	3044
children	3044
wife	3044
covered	3044
talking	3043
turning	3043
hour	3043
follow	3043
appeared	3042
within	3042
showed	3042
wrong	3041
five	3041
read	3041
itself	3040
closed	3039
big	3039
chance	3039
child	3038
neither	3038
quickly	3038
hot	3036
grew	3035
fact	3035
distance	3034
following	3034
herself	3033
lying	3033
wide	3032
answered	3032
raised	3029
wonder	3028
six	3028
carry	3027
eat	3027
question	3026
piece	3026
girl	3025
threw	3025
learned	3025
save	3025
bright	3024
pay	3023
catch	3023
die	3022
hundred	3022
blue	3022
fine	3022
dropped	3021
waited	3021
women	3020
walking	3019
beyond	3018
meant	3018
tired	3018
later	3017
easy	3017
knows	3017
n't	3016
mine	3014
holding	3014
watched	3013
ears	3013
possible	3013
please	3013
bit	3012
earth	3011
laughed	3010
truth	3009
forget	3009
blood	3008
send	3008
idea	3007
corner	3007
family	3006
touch	3005
neck	3005
struck	3004
lives	3004
shook	3004
breath	3004
hung	3003
listen	3002
seem	3002
yourself	3001
third	3000
warm	3000
laid	2999
several	2997
watching	2997
green	2997
wall	2996
drew	2996
present	2996
whatever	2994
however	2994
reach	2993
wild	2992
beginning	2991
middle	2991
start	2991
attention	2989
fresh	2988
pulled	2988
land	2987
spent	2986
business	2982
pretty	2982
lie	2981
cry	2981
below	2980
glad	2979
born	2979
clothes	2978
person	2978
table	2978
son	2977
telling	2976
line	2976
entered	2975
filled	2974
inside	2974
drink	2973
food	2970
age	2970
continued	2970
knowing	2969
paid	2968
places	2967
money	2966
shoulder	2962
silence	2961
step	2960
sorry	2960
sign	2959
number	2959
further	2958
beside	2958
shoulders	2957
arrived	2957
heads	2957
spread	2955
form	2955
lose	2953
tall	2953
human	2952
trees	2952
power	2950
hardly	2949
empty	2949
steps	2947
company	2946
sky	2945
alive	2945
cried	2945
legs	2944
remembered	2943
road	2943
worked	2942
easily	2942
decided	2942
usual	2942
silent	2941
god	2940
visit	2938
dressed	2937
fallen	2937
makes	2937
soft	2936
months	2936
goes	2935
offered	2935
shall	2935
deal	2932
carefully	2931
news	2931
says	2930
surprised	2929
bear	2929
shut	2929
state	2929
seems	2928
nearly	2928
surprise	2927
worse	2925
notice	2925
doubt	2924
quick	2924
lot	2924
looks	2923
certainly	2923
direction	2922
spot	2922
sense	2921
single	2920
ones	2920
calling	2920
forgotten	2920
floor	2919
week	2919
sharp	2918
picked	2917
smile	2917
carrying	2917
safe	2917
dry	2916
played	2916
loud	2916
thick	2915
playing	2914
lips	2913
throw	2913
seven	2912
touched	2910
tears	2909
passing	2909
laugh	2907
added	2907
placed	2906
asleep	2906
indeed	2905
town	2904
teeth	2904
thin	2903
pointed	2902
noticed	2901
sudden	2900
listened	2900
lead	2899
stone	2899
sweet	2898
sort	2898
finished	2896
remained	2896
expected	2894
twenty	2894
happen	2893
beat	2892
drop	2890
twice	2889
window	2889
talked	2888
afternoon	2887
putting	2887
quietly	2886
worth	2886
minutes	2885
grey	2884
keeping	2883
strength	2882
dear	2881
fair	2881
wore	2880
pleased	2877
pain	2876
immediately	2876
thank	2875
allowed	2873
force	2873
opening	2873
brother	2872
cause	2872
killed	2872
tree	2871
helped	2871
lifted	2870
learn	2868
gathered	2868
bottom	2868
noise	2868
angry	2868
secret	2867
shot	2867
asking	2866
faces	2866
edge	2866
moving	2866
forth	2865
terrible	2863
sides	2863
promised	2862
bent	2861
act	2861
falling	2861
settled	2860
working	2860
smiled	2859
speaking	2859
sick	2856
wished	2856
exactly	2856
knees	2856
colour	2854
pieces	2853
minute	2853
thoughts	2852
thrown	2851
ear	2848
rich	2848
ways	2848
begin	2846
finally	2846
loved	2845
darkness	2844
busy	2844
thousand	2843
built	2840
unless	2840
growing	2840
prepared	2840
spring	2840
cross	2839
kill	2837
hurt	2836
understood	2836
impossible	2833
escape	2833
aside	2833
agreed	2831
view	2831
weeks	2829
drawn	2829
drive	2828
rolled	2827
blow	2827
gold	2826
questions	2825
walls	2825
stepped	2825
pair	2823
'll	2823
dream	2821
seat	2821
slept	2820
liked	2816
needed	2816
manner	2815
laughing	2813
probably	2813
pleasure	2813
book	2813
pushed	2813
disappeared	2811
drove	2810
position	2809
game	2808
smoke	2808
besides	2808
clean	2807
husband	2807
dress	2807
received	2806
crossed	2806
ordered	2805
surely	2805
married	2805
believed	2804
simple	2804
common	2802
hearing	2801
wood	2801
path	2801
promise	2801
leaves	2801
nose	2800
burst	2799
discovered	2799
glass	2798
lady	2797
peace	2797
fingers	2792
fellow	2791
eight	2790
presence	2789
joined	2789
important	2789
listening	2788
ca	2786
grow	2786
especially	2785
sea	2784
boys	2784
party	2783
hanging	2781
interest	2781
nature	2780
somewhere	2779
offer	2779
expect	2778
leading	2777
bound	2774
meeting	2774
opposite	2773
till	2773
suppose	2772
sad	2771
slipped	2771
narrow	2770
space	2768
wondered	2766
length	2766
city	2764
month	2762
rise	2762
rising	2761
stretched	2761
dog	2760
danger	2760
difficult	2759
saved	2758
forced	2757
throat	2754
burning	2753
summer	2753
wants	2752
proud	2751
grown	2750
weight	2749
conversation	2748
cannot	2747
hide	2746
yours	2746
although	2746
slow	2746
cover	2746
lower	2745
soul	2745
figure	2744
sleeping	2744
forgot	2744
careful	2744
dinner	2743
wonderful	2743
share	2742
search	2742
repeated	2742
service	2740
whispered	2740
bringing	2739
plan	2739
skin	2738
names	2738
war	2736
'm	2736
paper	2736
daughter	2736
apart	2734
rain	2734
failed	2734
pale	2733
cast	2733
street	2730
doors	2730
crowd	2730
knowledge	2729
future	2729
yellow	2728
spirit	2728
miles	2728
replied	2728
cool	2728
chair	2727
supposed	2726
hurry	2726
account	2725
centre	2725
pull	2725
beneath	2725
fight	2724
spoken	2724
charge	2724
brown	2723
explained	2723
stick	2723
completely	2722
plain	2722
plenty	2721
refused	2720
houses	2720
frightened	2719
join	2719
pressed	2718
wet	2718
memory	2717
necessary	2716
pocket	2716
ring	2716
mad	2716
gently	2715
ill	2715
couple	2714
ended	2714
fit	2712
recognised	2712
river	2711
wo	2711
tied	2711
purpose	2711
twelve	2711
desire	2711
building	2710
written	2709
handed	2709
natural	2708
sounds	2708
pick	2708
general	2704
perfect	2701
draw	2701
miss	2699
tongue	2699
wear	2699
appear	2699
finding	2696
jumped	2694
stayed	2693
complete	2693
bank	2693
grass	2691
beauty	2691
served	2690
hoped	2690
joy	2690
picture	2689
spend	2689
sister	2688
girls	2688
buried	2688
loose	2688
welcome	2686
serious	2685
note	2684
scene	2682
windows	2682
breaking	2681
older	2680
hidden	2680
shape	2680
showing	2680
voices	2678
weak	2678
trust	2678
considered	2676
sounded	2676
calm	2676
takes	2675
whenever	2674
shouted	2673
box	2672
master	2671
nights	2670
simply	2669
heat	2668
silver	2667
've	2666
hit	2665
music	2665
particular	2665
managed	2664
smiling	2664
imagine	2662
rushed	2662
explain	2662
roof	2662
dying	2660
ahead	2659
huge	2658
effort	2658
broad	2657
loss	2657
nice	2657
caused	2655
subject	2654
eating	2653
experience	2652
poured	2652
moon	2651
hat	2651
pleasant	2650
coat	2645
stories	2644
shaking	2643
distant	2641
luck	2641
guard	2641
worn	2640
crying	2640
nine	2638
fixed	2638
ought	2638
bare	2637
mistake	2637
field	2637
south	2637
horse	2636
gentle	2635
usually	2635
ate	2635
determined	2635
suit	2634
buy	2632
dangerous	2632
reading	2632
dare	2631
anxious	2630
familiar	2630
parts	2629
approached	2626
enter	2624
appearance	2623
write	2623
hungry	2623
iron	2621
everywhere	2621
otherwise	2620
sake	2620
duty	2620
breakfast	2619
taste	2619
higher	2619
effect	2619
difference	2619
special	2618
remain	2617
lines	2617
honour	2616
driven	2615
finger	2614
expression	2613
rough	2611
weather	2610
faint	2609
ourselves	2607
likely	2607
laughter	2607
perfectly	2605
hill	2605
meal	2604
guess	2604
curious	2604
thanks	2603
glance	2602
'd	2601
due	2601
realised	2601
hurried	2600
setting	2599
knocked	2597
sooner	2597
hall	2597
worst	2596
entirely	2596
drawing	2593
winter	2593
named	2592
willing	2592
awake	2591
grave	2591
fool	2590
reply	2590
excitement	2589
square	2588
singing	2588
unable	2587
bought	2587
stranger	2585
thus	2585
hole	2585
north	2584
mark	2583
missed	2582
ah	2582
meaning	2582
tone	2581
size	2581
main	2579
anywhere	2578
shadow	2578
returning	2578
allow	2578
wrote	2576
lights	2575
courage	2575
aware	2573
wondering	2573
books	2572
thirty	2570
comfort	2569
nobody	2569
clearly	2568
proper	2568
comfortable	2567
shake	2566
deeply	2565
relief	2564
west	2564
letter	2563
leaned	2562
actually	2558
anger	2558
bird	2557
excited	2556
journey	2556
history	2555
attempt	2554
fill	2553
school	2553
heaven	2553
climbed	2552
stuck	2552
prove	2552
begun	2551
handsome	2551
stars	2550
east	2549
wearing	2549
yesterday	2549
throwing	2546
animal	2543
mr	2542
lord	2542
younger	2541
moments	2540
group	2540
satisfied	2539
according	2538
fly	2538
pride	2537
suggested	2537
greater	2536
entrance	2536
smell	2536
flying	2535
fully	2534
taught	2533
friendly	2533
respect	2532
circle	2532
garden	2531
dust	2531
condition	2530
forehead	2530
sir	2529
situation	2529
wake	2528
pity	2528
driving	2527
fat	2527
instant	2526
clouds	2526
harm	2526
wound	2525
rock	2524
accepted	2523
somehow	2521
hang	2521
storm	2521
leg	2520
surrounded	2520
won	2520
removed	2520
flat	2520
're	2520
birds	2516
softly	2516
interested	2516
swept	2516
stared	2515
closer	2514
action	2514
wrapped	2514
count	2514
stream	2513
locked	2512
law	2512
enjoy	2512
gets	2509
orders	2508
opportunity	2507
bore	2507
directly	2506
fifty	2505
strike	2505
arranged	2504
various	2504
mention	2503
occurred	2503
office	2503
advice	2501
cheeks	2500
drank	2500
everybody	2499
speed	2499
wise	2495
shown	2495
cloud	2494
board	2494
accept	2493
powerful	2493
shining	2492
flowers	2492
intended	2491
wooden	2491
upper	2491
cup	2490
warning	2489
cleared	2489
matters	2486
flew	2486
drinking	2484
possibly	2484
becoming	2484
choice	2483
speech	2483
chest	2481
leaning	2479
spare	2478
private	2477
seated	2477
ride	2476
row	2476
closely	2476
kitchen	2474
fault	2473
village	2472
letters	2472
favour	2471
youth	2470
golden	2470
badly	2470
dragged	2469
bag	2468
belonged	2468
song	2467
public	2467
evil	2467
surface	2467
formed	2467
ordinary	2466
pointing	2465
dawn	2465
movement	2465
occasion	2464
lonely	2463
gives	2461
blind	2461
doctor	2460
ease	2460
rush	2459
rested	2459
pulling	2457
avoid	2457
knife	2456
midnight	2455
fifteen	2454
torn	2454
dance	2453
slight	2452
blew	2452
success	2452
language	2451
approach	2450
gate	2450
cost	2449
tiny	2447
signs	2447
using	2446
message	2446
merely	2446
fate	2445
therefore	2445
double	2445
object	2442
invited	2442
lift	2441
raise	2439
beating	2439
writing	2438
shoes	2438
parents	2437
bread	2436
train	2435
trembling	2435
staring	2434
rooms	2433
favourite	2431
result	2430
o	2430
brave	2430
dozen	2429
rolling	2428
smooth	2427
english	2426
streets	2425
slightly	2425
bitter	2425
lovely	2425
report	2424
heavily	2424
health	2424
greatest	2423
escaped	2423
flesh	2422
losing	2420
excuse	2420
fish	2419
treated	2419
grand	2417
consider	2417
burned	2415
spirits	2414
dull	2414
sank	2413
serve	2413
marked	2412
baby	2411
chief	2411
reaching	2410
cutting	2410
mentioned	2409
fourth	2408
ball	2407
needs	2405
somewhat	2404
fighting	2403
battle	2403
apparently	2402
spite	2402
match	2402
level	2401
crowded	2399
shame	2399
lies	2398
hoping	2396
waste	2396
honest	2395
breast	2395
truly	2395
concerned	2395
church	2394
price	2394
store	2394
daily	2393
information	2393
feelings	2393
washed	2392
court	2392
job	2392
attack	2392
nodded	2391
fought	2391
regular	2390
rid	2390
control	2389
dancing	2389
admit	2387
tight	2387
suffered	2386
sold	2386
terror	2386
lit	2385
scattered	2383
post	2383
firm	2383
bodies	2382
race	2382
thinks	2382
quarter	2382
hate	2381
lucky	2381
t	2380
ends	2380
difficulty	2379
personal	2378
opinion	2378
forty	2378
king	2376
slip	2375
foolish	2373
insisted	2372
demanded	2372
horses	2372
fun	2371
unknown	2371
interesting	2371
bow	2370
pure	2370
plans	2370
dreams	2369
habit	2368
naturally	2367
approaching	2366
character	2366
mass	2365
fashion	2364
bones	2364
enemy	2364
task	2362
eaten	2362
blame	2362
recognise	2361
proved	2360
sell	2360
continue	2360
shock	2360
turns	2359
stuff	2359
judge	2354
ashamed	2352
ugly	2350
waved	2349
letting	2349
roll	2349
finish	2348
add	2347
hid	2346
kissed	2345
enjoyed	2345
rang	2344
entire	2344
exhausted	2342
startled	2342
art	2341
command	2337
delight	2337
advantage	2336
larger	2336
circumstances	2336
companion	2336
meat	2335
glanced	2335
former	2334
precious	2334
choose	2333
fortune	2332
agree	2332
starting	2331
announced	2331
eager	2331
chosen	2331
creature	2330
wave	2330
height	2330
receive	2330
particularly	2329
cheek	2329
safety	2329
reminded	2328
resting	2328
travel	2327
convinced	2327
o'clock	2327
paused	2327
boat	2324
station	2324
shade	2322
cook	2322
handle	2321
tore	2320
wings	2320
hearts	2320
study	2320
marry	2319
build	2319
sigh	2318
nervous	2318
fancy	2317
cared	2317
steady	2313
sending	2313
dirty	2313
stones	2312
worry	2312
horror	2311
jump	2311
smaller	2311
realise	2311
nearer	2310
events	2309
tail	2308
missing	2308
settle	2308
interrupted	2308
struggle	2307
marriage	2307
content	2307
kindly	2307
happens	2306
dogs	2306
silently	2306
bearing	2306
curiosity	2305
wandered	2305
feared	2304
points	2303
painted	2303
nearest	2303
stronger	2302
rage	2301
sang	2301
mixed	2300
despair	2300
tells	2299
arrival	2299
seized	2299
relieved	2298
calls	2298
wherever	2297
army	2297
leapt	2296
tear	2296
mere	2296
brain	2296
heels	2295
faith	2294
visited	2294
animals	2294
gaze	2294
whisper	2293
riding	2293
brothers	2293
support	2292
gathering	2292
amount	2292
climb	2291
drunk	2290
papers	2289
minds	2289
farther	2288
dreamed	2288
suffering	2287
sing	2286
win	2286
somebody	2286
rapidly	2284
happiness	2284
fed	2283
pile	2283
satisfaction	2282
ancient	2282
waves	2280
expecting	2280
mountain	2279
teach	2279
accident	2279
innocent	2279
presented	2279
stairs	2279
awful	2278
decide	2278
altogether	2277
earlier	2277
cap	2276
bottle	2275
hers	2274
delighted	2273
final	2273
dared	2271
key	2271
s	2270
sought	2269
occupied	2269
breathing	2268
flight	2267
understanding	2266
works	2266
famous	2266
firmly	2266
shadows	2265
unusual	2265
anyone	2265
hiding	2265
stupid	2264
ladies	2264
engaged	2264
hated	2263
shone	2263
fairly	2259
band	2259
swung	2259
stopping	2259
chose	2258
cloth	2258
supper	2256
thrust	2256
ceased	2256
knock	2256
gather	2255
rode	2255
colours	2255
bowed	2254
travelling	2254
stiff	2253
cat	2253
imagined	2252
hills	2252
confusion	2252
maybe	2250
manage	2249
absence	2247
risk	2247
cruel	2246
notes	2246
false	2245
milk	2245
tie	2244
bell	2244
fields	2244
weary	2243
searching	2243
mountains	2242
passage	2242
toward	2241
lack	2241
sprang	2241
warned	2240
equal	2240
desperate	2240
gradually	2239
nowhere	2239
track	2239
rare	2238
wine	2238
frame	2238
pause	2237
brief	2237
wash	2236
aloud	2234
assured	2234
neighbours	2233
chin	2233
burn	2233
shore	2231
required	2231
sighed	2230
tomorrow	2230
terms	2229
practice	2228
vain	2228
example	2228
grateful	2226
push	2226
bridge	2225
instantly	2225
hell	2224
woke	2224
gift	2223
seriously	2223
folded	2223
season	2222
parted	2222
travelled	2222
eleven	2220
branches	2220
rocks	2218
snow	2218
swallowed	2217
trip	2216
anybody	2216
odd	2215
kiss	2214
feed	2213
solid	2212
shouting	2211
value	2211
fond	2211
visible	2210
touching	2210
admitted	2209
doorway	2209
accompanied	2209
exclaimed	2207
possessed	2207
troubled	2207
affair	2206
yard	2206
lowered	2206
protect	2206
directions	2206
provided	2204
lightly	2203
waist	2203
property	2202
miserable	2202
confused	2201
remains	2201
noon	2200
useless	2199
confidence	2197
grief	2196
rule	2196
easier	2196
counted	2195
devil	2195
shirt	2194
vast	2194
previous	2194
absolutely	2193
trick	2193
knee	2193
joke	2192
safely	2192
mighty	2191
refuse	2191
stirred	2191
delicate	2190
deserted	2190
decision	2188
alarm	2188
vanished	2186
ice	2184
treat	2183
reasons	2183
belong	2183
suffer	2180
excellent	2180
recovered	2180
hesitated	2180
described	2180
twisted	2179
yards	2179
figures	2179
boots	2178
grace	2178
observed	2177
class	2177
fruit	2176
plate	2175
possession	2175
period	2175
forest	2174
address	2174
hollow	2174
press	2174
disturbed	2174
sunday	2172
picking	2172
impression	2171
midst	2171
mile	2171
motion	2170
ship	2170
stomach	2169
deeper	2169
shelter	2169
explanation	2167
claim	2167
crept	2166
discover	2166
gentleman	2166
waving	2165
threatened	2165
declared	2165
tossed	2165
existence	2165
mysterious	2165
attached	2164
owner	2164
sheet	2162
today	2161
wandering	2161
hundreds	2160
daylight	2160
faced	2160
produced	2160
remaining	2159
separate	2159
prevent	2159
shoot	2159
loudly	2158
sink	2158
tender	2158
stands	2158
paying	2157
shortly	2157
flash	2157
dim	2157
rubbed	2156
sand	2156
bar	2156
succeeded	2155
trace	2155
vision	2154
wanting	2154
woods	2154
rate	2154
striking	2153
facing	2152
pace	2151
ideas	2150
disappointed	2149
helping	2148
stage	2148
raising	2147
progress	2146
pack	2146
throughout	2145
mounted	2145
landed	2145
seek	2144
wounded	2143
someone	2142
mood	2142
guests	2141
crossing	2140
brilliant	2140
pushing	2139
horrible	2137
shout	2136
march	2136
shop	2135
blowing	2135
silly	2134
greeted	2134
danced	2133
changing	2133
style	2133
details	2133
searched	2132
chairs	2132
patient	2132
original	2132
thousands	2132
everyone	2130
direct	2129
closing	2129
begged	2129
naked	2129
faded	2128
fail	2127
features	2127
affairs	2127
leather	2125
packed	2125
killing	2123
unhappy	2122
stretch	2122
occasionally	2122
corners	2121
society	2121
scarcely	2121
island	2121
dried	2120
lock	2120
sees	2120
mercy	2118
rope	2117
strangers	2117
breeze	2117
worried	2117
member	2116
evidence	2115
suspected	2114
gazed	2114
french	2114
beg	2114
forgive	2113
tale	2112
m	2111
afford	2111
separated	2111
event	2111
pictures	2110
pray	2109
stole	2107
entering	2107
properly	2107
members	2107
constant	2106
faster	2106
hunting	2105
string	2104
sharply	2103
catching	2103
contained	2103
trade	2103
imagination	2103
measure	2102
hopes	2102
barely	2101
birth	2101
cries	2100
acted	2100
efforts	2098
keeps	2097
coffee	2097
intention	2096
humour	2096
meanwhile	2096
similar	2095
equally	2094
pockets	2094
forever	2092
crack	2091
rushing	2091
successful	2091
violent	2090
smoking	2090
tea	2090
freedom	2090
waters	2090
shed	2089
stock	2088
patience	2088
aid	2088
capable	2088
gun	2087
arrive	2087
coloured	2085
funny	2085
examined	2085
happily	2084
uncle	2084
problem	2083
ours	2082
advanced	2081
staying	2080
exchange	2080
towards	2079
j	2079
helpless	2078
thoroughly	2077
covering	2077
struggling	2077
anxiety	2077
chain	2076
mrs	2075
guilty	2075
fled	2075
kinds	2075
preparing	2073
request	2072
labour	2070
lap	2070
star	2068
enormous	2067
generally	2067
guest	2067
afterwards	2067
regret	2066
justice	2066
accustomed	2066
check	2066
delivered	2065
attend	2065
harder	2065
increased	2062
gained	2060
extra	2059
oil	2058
flung	2058
screamed	2057
gain	2057
eagerly	2057
prepare	2056
reality	2056
informed	2055
lightning	2054
flashed	2053
puzzled	2053
addressed	2052
clever	2052
offering	2051
dropping	2050
mystery	2050
destroyed	2050
struggled	2049
muttered	2049
quarters	2047
silk	2046
energy	2046
sadly	2045
happening	2045
introduced	2045
roar	2044
captain	2043
stolen	2042
filling	2041
senses	2041
shared	2040
descended	2039
base	2039
cases	2039
supply	2039
passion	2038
anyway	2038
numbers	2038
lamp	2037
warmth	2036
utter	2036
learning	2035
sympathy	2035
loaded	2034
rear	2033
furniture	2033
date	2033
foreign	2033
useful	2032
abandoned	2031
constantly	2031
planned	2031
sons	2030
beard	2030
lean	2029
importance	2029
sentence	2028
greatly	2026
breathe	2025
advance	2024
wheel	2024
prayer	2023
beaten	2022
proof	2022
lighted	2022
backs	2021
current	2021
sorrow	2021
painful	2021
bigger	2020
guessed	2019
snapped	2019
peculiar	2019
directed	2018
reflected	2018
clock	2018
judgement	2018
astonished	2017
experienced	2017
material	2017
signal	2017
remark	2016
bite	2014
divided	2014
laying	2014
seeking	2013
steel	2013
wiped	2012
salt	2012
pipe	2011
tables	2010
furious	2010
concern	2010
inch	2008
lifting	2008
v	2008
palm	2008
latter	2007
magic	2005
assumed	2005
mud	2004
de	2004
highest	2004
regard	2004
studied	2003
friendship	2003
burden	2003
mirror	2003
flame	2003
express	2002
pressing	2001
protection	2001
load	2000
bone	1999
guide	1999
extended	1999
calmly	1998
bill	1998
wishes	1998
gesture	1997
heap	1996
kicked	1995
smart	1994
grasp	1994
argument	1994
tightly	1994
servant	1994
conscious	1993
giant	1993
drowned	1992
st	1992
authority	1992
hastily	1992
dug	1991
trembled	1991
bother	1990
permission	1990
highly	1988
remarked	1987
ceiling	1987
steal	1985
glimpse	1985
shows	1985
n	1983
test	1982
fury	1982
thunder	1982
page	1981
cheerful	1980
glow	1979
pink	1979
movements	1978
families	1978
attitude	1977
e	1977
sisters	1977
unexpected	1976
glasses	1976
tonight	1976
likes	1976
kindness	1975
temper	1975
market	1974
overcome	1974
acting	1974
owned	1973
john	1973
sorts	1973
reported	1972
pot	1971
neighbour	1971
disappointment	1971
valley	1970
floating	1970
branch	1969
queen	1968
collected	1968
england	1968
stir	1967
list	1966
correct	1965
urged	1964
utterly	1963
instance	1963
balance	1963
drops	1963
suspicion	1963
upright	1962
murder	1962
nevertheless	1962
self	1962
louder	1961
enjoying	1961
plunged	1960
physical	1960
damp	1960
image	1960
thanked	1960
released	1959
mostly	1958
american	1958
government	1958
creatures	1957
fierce	1957
possibility	1957
breathed	1957
type	1957
degree	1956
generous	1956
crazy	1956
answering	1956
departure	1956
astonishment	1956
straw	1955
drag	1955
secure	1955
intense	1955
influence	1953
marks	1953
scream	1950
impressed	1950
upset	1950
runs	1950
scared	1950
awoke	1949
worthy	1949
officer	1949
neighbourhood	1949
spell	1947
credit	1946
united	1946
immediate	1946
impatient	1945
remembering	1944
revealed	1944
split	1943
bedroom	1943
glory	1943
footsteps	1943
pretended	1942
expressed	1942
gazing	1940
proceeded	1939
brings	1939
armed	1938
slightest	1938
clung	1937
preferred	1937
bitterly	1937
exact	1936
amused	1936
retired	1935
sweat	1934
strangely	1934
steadily	1934
nonsense	1934
witness	1933
fired	1933
clothing	1932
quality	1931
stare	1931
completed	1931
stroke	1930
piled	1930
alike	1929
victim	1929
i'll	1929
lasted	1928
system	1928
keen	1928
mistaken	1927
splendid	1927
resist	1926
holy	1926
pillow	1926
gentlemen	1926
pen	1926
pouring	1925
source	1925
forms	1925
hunger	1923
feels	1923
crushed	1922
companions	1922
swear	1921
lake	1921
servants	1921
parties	1920
repeat	1919
delay	1919
club	1918
demand	1918
wives	1918
car	1917
dreadful	1917
beast	1917
blown	1917
emotion	1917
bits	1917
dignity	1917
misery	1917
banks	1916
lover	1916
bay	1915
climbing	1914
blessed	1914
elbow	1914
recently	1913
flower	1912
stern	1912
admiration	1912
considerable	1911
checked	1910
evidently	1910
affection	1910
belt	1909
incident	1909
ruined	1908
inquired	1908
holes	1908
including	1907
range	1907
custom	1906
ocean	1906
lip	1906
granted	1906
sunlight	1906
inner	1905
soldiers	1905
bold	1904
enemies	1904
record	1904
eggs	1903
planted	1903
fix	1903
fellows	1903
noble	1903
charged	1902
wicked	1902
camp	1902
responsible	1902
murmured	1901
attended	1900
faithful	1900
hunt	1899
horizon	1899
hero	1897
household	1897
lined	1897
compared	1897
lots	1896
fears	1896
recall	1896
inclined	1895
bend	1894
shooting	1894
female	1894
desk	1893
whoever	1893
lately	1892
sufficient	1892
beds	1892
unfortunate	1891
trunk	1890
blows	1890
contrary	1890
connected	1888
swinging	1888
limbs	1887
haste	1887
destroy	1886
reward	1886
detail	1885
restless	1885
belief	1885
invisible	1885
native	1884
seconds	1884
collar	1884
crime	1883
ruin	1882
contents	1881
considering	1880
eighteen	1880
skill	1880
series	1880
terrified	1879
describe	1879
lesson	1878
fever	1878
stumbled	1878
abruptly	1878
prison	1877
brow	1877
instructions	1876
superior	1876
invitation	1876
wishing	1875
committed	1875
troubles	1875
slid	1874
handkerchief	1874
arose	1873
gay	1872
frozen	1872
pool	1871
facts	1870
peaceful	1870
wealth	1870
pressure	1869
brush	1869
cracked	1869
changes	1869
wisdom	1868
triumph	1868
sticks	1868
ing	1868
wedding	1867
uneasy	1866
contact	1865
created	1863
loving	1863
extreme	1863
f	1863
signed	1862
unlike	1862
sunshine	1861
powers	1860
partly	1860
bowl	1860
host	1860
suspect	1860
freely	1859
exposed	1859
hotel	1859
social	1858
remove	1858
fetch	1857
falls	1857
you're	1855
local	1855
shaken	1855
weeping	1854
rescue	1854
ghost	1854
adventure	1854
popular	1854
pardon	1853
inches	1853
landing	1852
suggestion	1851
apparent	1850
duties	1849
terribly	1848
screaming	1848
unconscious	1848
heavens	1847
extremely	1847
buildings	1847
gratitude	1847
desert	1846
western	1846
regarded	1846
remarkable	1845
angrily	1844
fastened	1844
services	1843
outer	1843
bending	1842
saving	1842
coast	1842
becomes	1842
sixty	1841
washing	1841
desired	1841
modern	1841
response	1840
moonlight	1839
occasions	1839
kick	1839
leader	1838
consciousness	1838
knocking	1838
bet	1837
involved	1837
dragging	1836
sixteen	1836
roads	1836
failure	1835
