author	bookid	bpoids	htrcids	genres	subjects	title	pubdate
Chambers Robert W Robert William	B1486	{8970875}	{'nyp.33433074809447'}		{'Commune, 1871', 'History'}	The red republic a romance of the commune	1895
Dickens Charles	B2094	{2848795, 9017639, 8442183}	{'hvd.32044090341959'}	{'Historical fiction'}	{'Gordon Riots, 1780', '18th century', 'Social life and customs', 'History', '19th century'}	Master Humphreys clock	1840
Major Charles	B5631	{3164897}	{'uc1.b3550216'}		{'Great Britain', 'History', 'Henry VIII, 1509-1547'}	When knighthood was in flower or The love story of Charles Brandon and Mary Tudor the kings sister and happening in the reign ofHenry VIII	1898
Smith Horace	B7841	{8288848, 6141109}	{'wu.89101370567', 'wu.89101370583', 'wu.89101370542'}		{'Commonwealth and Protectorate, 1649-1660', 'History'}	Brambletye houseor Cavaliers and roundheadsa novel	1826
Roberts Margaret	B7137	{8507622, 8766574}	{'uc2.ark+=13960=t9280bf4j'}		{'Revolution, 1789-1799', 'France', 'History'}	Noblesse oblige	1876
Scott Walter Sir	B7343	{8565754, 6805270}	{'mdp.39015012932110'}		{'James I, 1603-1625', 'History'}	The fortunes of Nigel With 52	1832
Dumas Alexandre	B2356	{8624974}	{'uc2.ark+=13960=t5z60fk0x'}		{'Cagliostro, Alessandro', 'Queen, consort of Louis XVI, King of France', 'France', 'French literature', '1755-1793', 'Louis XVI, 1774-1793', 'conte di', '1743-1795', 'History', 'Marie Antoinette'}	The queens necklace	1850
Hugo Victor	B3490	{5836929, 5221454}	{'hvd.hwkd4j'}		{'Louis XI, 1461-1483', 'History', 'To 1515'}	The hunchback of NotreDame	1834
Thompson Leigh	B8247	{3211634}	{'wu.89006523229'}		{'Rebellion, 1914-1915', 'History'}	The lion and the addera story of the South African rebellion	1918
Braddon M E Mary Elizabeth	B988	{9405209, 6668418}	{'uc2.ark+=13960=t9377dj1w'}		{'17th century', 'History', '1602-1661', 'France', '1600-1649', 'Charles', 'King of England', 'Mazarin, Jules'}	In high places	1898
Chambers Robert W Robert William	B1719	{9052837}	{'uc2.ark+=13960=t2c826s8x'}		{'United States', 'History', 'Civil War, 1861-1865'}	Special messenger	1900
Bird Robert Montgomery	B405	{8304225}	{'mdp.39015056754222', 'mdp.39015056753950', 'mdp.39015056754214'}		{'Conquest, 1519-1540', 'History'}	Cortes or The fall of Mexico	1835
Stephens Robert Neilson	B7710	{3173924}	{'uc2.ark+=13960=t6d21t54b'}		{'France', 'History', 'Henry IV, 1589-1610'}	An enemy to the king	1897
WhyteMelville G J George John	B8702	{8456905}	{'uc2.ark+=13960=t9n302p00', 'uc1.b3044701'}		{'Civil War, 1642-1649', 'Great Britain', 'History'}	Holmby house	1860
Parker Gilbert Sir	B6695	{8840502}	{'uc2.ark+=13960=t8cf9s57f'}		{'To 1763 (New France)', 'Canada', 'History', 'United States', 'French and Indian War, 1754-1763'}	The seats of the mighty	1898
Grossi Tommaso	B3052	{6180201, 6103358, 4447607}	{'njp.32101055952186'}		{'Visconti, Marco', 'd. 1329', 'History', '1268-1492'}	Marco Visconti from the Italia	1845
Conrad Joseph	B1418	{9345848}	{'mdp.39015066053649'}		{'History', '1904-1914'}	Under western eyes	1923
Payson William Farquhar	B6578	{8874149}	{'nyp.33433076050941'}		{'History', 'Colonial period, ca. 1600-1775'}	John Vytala tale of the lost colony	1901
Stowe Harriet Beecher	B7624	{4995392, 4450378}	{'uc1.b4145140'}	{'Juvenile audience', 'Bibliographies'}	{'Master and servant', 'Plantation life', 'United States', 'Slaves', 'Southern States', 'Uncle Tom (Fictitious character)', 'Fugitive slaves', 'Slavery', 'African Americans', 'History'}	Uncle Toms cabin	1852
Trowbridge J T John Townsend	B8064	{9431027, 8780910}	{'nc01.ark+=13960=t0ns17x5d'}	{'Historical fiction', 'Juvenile audience', 'Bibliographies', 'War stories'}	{'Abolitionists', 'Quakers', 'Unionists (United States Civil War)', 'Fugitive slaves', 'Civil War, 1861-1865', 'History'}	Cudjos cave	1863
Stedman Douglas C	B7586	{6706047}	{'uc1.31158003962957'}	{'Juvenile audience'}	{'fl. 1071', 'Norman period, 1066-1154', 'England', 'Hereward', 'History', 'Folklore'}	The story of Hereward the champion of England	1909
Ruffini Giovanni	B6950	{5000368, 8725659}	{'njp.32101055717035'}		{'History'}	Doctor Antonioa tale of Ital	1857
LevettYeats S Sidney Kilner	B4925	{3175652}	{'uc2.ark+=13960=t03x88n6s'}		{'History', 'Italy'}	The honour of Savelli	1895
Markham Clements R Clements Robert Sir	B5373	{3170458}	{'nnc1.1000393819'}		{'King of Northumbria', '585?-633', 'History', 'Anglo-Saxon period, 449-1066', 'Edwin'}	The paladins of Edwin the Great	1896
Merwin Samuel	B5704	{3159899, 8869806, 6807654}	{'uc2.ark+=13960=t2k64cm2s'}		{'Railroads', 'History'}	The short line war	1899
Tytler Sarah	B8236	{4851126}	{'uiuo.ark+=13960=t8qc0hz7f', 'uiuo.ark+=13960=t2891q545', 'uiuo.ark+=13960=t3ws9618t'}		{'France', 'History', 'Revolution'}	Citoyenne Jacqueline	1865
Johnston Mary	B4251	{9071393, 3184950}	{'nyp.33433076071970', 'mdp.39015063920139'}		{'History', 'Civil War, 1861-1865'}	The long roll	1911
Doyle Arthur Conan Sir	B2127	{8926569, 6818883, 3179668}	{'mdp.39015047642387'}	{'Novel', 'Historical fiction'}	{'Knights and knighthood', 'History', 'Edward III, 1327-1377'}	Sir Nigel	1906
Quint Wilder Dwight	B6846	{3181350}	{'uc2.ark+=13960=t3bz62q8r'}		{'Siege, 1775-1776', 'Boston (Mass.)', 'History'}	My Lady Laughter	1904
Crockett S R Samuel Rutherford	B1866	{8985514, 6746229}	{'uva.x001606706'}		{'History', 'Carlist War, 1833-1840'}	The firebrand	1901
Kingsley Charles	B4639	{9432073}	{'uiuo.ark+=13960=t8mc9h99c', 'uiuo.ark+=13960=t4sj2299h'}	{'Bibliographies'}	{'1819-1875', 'To 1066', 'English literature', 'Great Britain', 'History', 'Kingsley, Charles'}	Hereward the Wake	1866
Dickens Charles	B2163	{8448312}	{'mdp.49015002596832', 'uc1.b3549878'}	{'ContainsBiogMaterial', 'History', 'Historical fiction'}	{'French fiction', 'Executions and executioners', 'London', 'Revolution, 1789-1799', 'Dickens, Charles', 'England', 'French', '1812-1870', 'Lookalikes', 'Fathers and daughters', 'History'}	A tale of two cities	1863
Hamilton John A John Arthur	B3641	{6670816, 8986856, 3278414}	{'nyp.33433044068033'}	{'Mystery fiction'}	{'History'}	The ms in a red box	1903
Scollard Clinton	B7538	{8877774}	{'nyp.33433076044266'}	{'History'}	{'476-1268', 'Vendetta', 'History'}	The vicar of the marches	1911
Burnett Frances Hodgson	B1268	{8968211}	{'coo.31924021965714'}	"{""Publishers' cloth bindings (Binding)"", 'New York (State)', 'New York', 'Historical fiction'}"		A lady of quality being a most	1896
Blackmore R D Richard Dooddridge	B705	{8675288, 2737970, 8740245}	{'nyp.33433074940838'}	{'History', 'Novel', 'Historical fiction', 'Love stories'}	"{'Charles II, 1660-1685', 'History', ""Monmouth's Rebellion, 1685""}"	Lorna Doone a romance of Exmoor	1886
Picard LB LouisBenoît	B6434	{8167383}	{'hvd.hwkm9c'}		{'Revolution, 1789-1799', 'History'}	The Gil Blas of the Revolution	1825
Aguilar Grace	B85	{5286760, 4977069}	{'nyp.33433074945951', 'nyp.33433074945969'}		{'1274-1329', 'King of Scots', 'Robert', 'History'}	The days of Brucea story from Scottish history	1847
Stacpoole H De Vere Henry De Vere	B7478	{8929531}	{'nyp.33433075751382'}		{'Second Empire, 1852-1870', 'History'}	The drums of war	1910
QuillerCouch Arthur Thomas Sir	B6840	{3158542}	{'uc1.b4104140'}		{'William and Mary, 1689-1702', 'III', 'Dutch War, 1672-1678', 'Ship captains', '1650-1702', 'King of England', 'Historical fiction', 'William', 'History'}	The blue pavilions	1891
Harris Joel Chandler	B3752	{8879473, 6758300}	{'nyp.33433076088305'}	{'History'}	{'United States', 'History', 'War stories, American', 'Civil War, 1861-1865'}	On the wing of occasions being the authorized version of certain curious episodes of the late Civil War including the hitherto suppressed narrative of the kidnapping of President Lincoln	1900
Haggard H Rider Henry Rider	B3646	{8877448, 3530444}	{'nyp.33433074850235'}		{'English fiction', 'Wars of Independence, 1556-1648', 'History'}	Lysbeth a tale of the Dutch	1901
Connelly Celia Logan	B1451	{4845090, 9455239}	{'njp.32101066457753'}		{'History', 'Civil War, 1861-1865'}	The elopement a tale of the Confederate States of America	1863
Crockett S R Samuel Rutherford	B2039	{3167331}	{'nyp.33433074949847'}	"{'History', ""Publishers' cloth bindings (Binding)"", 'United States', 'War stories', 'Historical fiction', 'Pictorial cloth bindings (Binding)'}"		The men of the mountain	1909
Ward James	B8608	{9019986}	{'nyp.33433075763965'}		{'February Revolution, 1848', 'History'}	Adolphe Renouard or peasant life and political clubs in France	1852
Yonge Charlotte M Charlotte Mary	B9014	{8624769}	{'nyp.33433075860811', 'uc2.ark+=13960=t48p64j0c'}	{'Juvenile audience'}	{'Great Britain', 'History', 'Edward III, 1327-1377'}	The lances of Lynwood	1856
Ford Thomas J	B2665	{3164355}	{'loc.ark+=13960=t2988g55c'}		{'Wisconsin Infantry Regiment, 24th (1862-1865)', 'Regimental histories', 'Personal narratives', 'United States', 'Army', 'Civil War, 1861-1865', 'History'}	With the rank and file	1898
Moore Frank Frankfort	B5192	{8885651}	{'coo.31924013525997', 'coo.31924064972668'}		{'1649-1650', '1649-1660', 'History'}	Castle Omeragh	1903
Orczy Emmuska Orczy Baroness	B6373	{3176017, 8916058}	{'wu.89001431436'}		{'Revolution, 1789-1799', 'History'}	The elusive pimpernel	1908
OGrady Standish	B6329	{8930769}	{'uc1.$b684700'}		{'1558-1603', 'History'}	Ulrick the Ready or The chieftains last rally	1896
Davis William Stearns	B2360	{6811010}	{'uc2.ark+=13960=t6g15vp0b'}		{'History', 'Babylon (Extinct city)'}	Belshazzar	1902
Grattan Thomas Colley	B3207	{6142224, 8784113}	{'uc1.b3322549', 'uc1.b3322547', 'uc1.b3322548'}		{'Wars of Independence, 1556-1648', 'History'}	Agnes de Mansfeldt a historical tale	1835
Cooper James Fenimore	B1332	{5161175}	{'hvd.32044080902265', 'hvd.32044097914220'}	{'Historical fiction', 'War stories', 'Bibliographies', 'Spy stories', 'Domestic fiction'}	{'Revolution, 1775-1783', 'History'}	The spya tale of the neutral ground	1824
MacMunn George Fletcher	B5722	{8966493}	{'uc2.ark+=13960=t3kw5846r'}		{'1526-1765', 'European settlements, 1500-1765', 'India', 'History'}	A freelance in Kashmir	1914
Lee Albert	B4819	{8988976}	{'nyp.33433074877790'}		{'English fiction', 'Wars of Independence, 1556-1648', 'History'}	King Stork of the Netherlands a romance of the early days of the Dutch republic	1901
Weyman Stanley John	B8743	{8820984, 3175325}	{'uc2.ark+=13960=t16m3bj9x', 'uc2.ark+=13960=t0ft8p04b', 'uc2.ark+=13960=t7vm4bq74'}		{'France', 'History', 'Henry III, 1574-1589'}	A gentleman of France	1893
HobartHampden Augustus Charles	B3502	{6732133}	{'loc.ark+=13960=t5w674q3g'}		{'Adventure and adventurers', 'Blockades', 'United States', 'History', 'Civil War, 1861-1865'}	Sketches from my life	1886
Crouch Archer Philip	B1611	{3168018}	{'nyp.33433074954839'}		{'History', 'War of Independence, 1810-1824'}	Señorita Montenar	1898
Liljencrantz Ottilie A Ottilia Adelina	B5096	{9247669}	{'nyp.33433075785745'}	{'Science fiction', 'Historical fiction'}		The thrall of Leif the Lucky a	1902
Wilder Thornton	B8485	{3226049, 2446460}	{'mdp.39015008251194'}	{'Historical fiction'}	{'Accident victims', 'Bridges', 'Accidents', 'Peru'}	The bridge of San Luis Rey	1927
Cooper James Fenimore	B1333	{4970720}	{'hvd.32044097914014', 'hvd.hw3jdp'}		{'Antirent War, N.Y., 1839-1846', '1775-1865', 'History', 'New York (State)'}	Satanstoe or The Littlepage manuscripts	1845
James G P R George Payne Rainsford	B4260	{6146649, 8785351}	{'uc1.b3124537', 'njp.32101067647725', 'uc1.b3124538'}		{'History', 'Henry IV, 1589-1610'}	One in a thousandor the days of Henry Quatre	1835
Cheney H V Harriet Vaughan	B1489	{5208770, 5148563}	{'nyp.33433074810601', 'nyp.33433074810593'}		{'New Plymouth, 1620-1691', 'History', 'Colonial period, ca. 1600-1775'}	A peep at the Pilgrims in sixteen hundred thirtysix A tale of olden times	1826
Liljencrantz Ottilie A Ottilia Adelina	B4857	{9247669}	{'nyp.33433075785745'}	{'Science fiction', 'Historical fiction'}	{'Discoveries in geography', 'Discovery and exploration', 'Vikings', 'Norse', 'Northmen'}	The thrall of Leif the Lucky a story of Viking days	1902
Churchill Winston Sir	B1685	{8869113, 3159403}	{'uc1.b3962029'}		{'Revolution, 1775-1783', 'History'}	Richard Carvel	1899
Yonge Charlotte M Charlotte Mary	B9032	{8946394}	{'uc2.ark+=13960=t11n84h67'}		{'Great Britain', 'History', 'Wars of the Roses, 1455-1485'}	Grisly Grissell or The laidly lady of Whitburn	1893
Caruthers William Alexander	B1623	{6182667}	{'nyp.33433081890901', 'nyp.33433081890919'}		{'History', 'Colonial period, ca. 1600-1775'}	The cavaliers of Virginiaor The resluse of Jamestown An historical romance of the Old Dominion	1834
Jones John Richter	B4307	{8759737}	{'nyp.33433076068083'}		{'Revolution, 1775-1783', 'History'}	The Quaker soldier or The British in PhiladelphiaAn historical novel	1858
Boyle Mary Louisa	B1019	{4701447}	{'uiuo.ark+=13960=t1fj34j50'}		{'France', 'History', 'Regency, 1715-1723'}	The state prisoner	1837
Robinson Emma	B7151	{4961880, 5835003}	{'uiuo.ark+=13960=t2b85x75t', 'uiuo.ark+=13960=t17m0xn5j', 'uiuo.ark+=13960=t2z32g92m'}		{'Restoration, 1660-1688', 'Charles II, 1660-1685', 'History', 'Great Britain'}	Whitefriars or The days of Charles the Second	1844
Porter Eleanor H Eleanor Hodgman	B6492	{3193906}	{'nc01.ark+=13960=t70v9kk1w'}	{'Juvenile audience'}	{'Interpersonal relations', 'Orphans', 'Conduct of life', '20th century', 'Cheerfulness', 'Aunts', 'Juvenile fiction', 'Vermont', 'History'}	Pollyanna	1913
Gilmore James R James Roberts	B3193	{4845393, 4361803}	{'uc1.$b282538'}		{'North Carolina', 'United States', '19th century', 'Slavery', 'African Americans', 'History'}	My southern friends	1863
Haggard H Rider Henry Rider	B3576	{8942077}	{'mdp.39015063918851'}		{'History'}	The lady of Blossholme	1909
Collins Wilkie	B1832	{4380498}	{'uiuo.ark+=13960=t7wm20x0v', 'uiuo.ark+=13960=t2z32j87d', 'uiuo.ark+=13960=t21c2pn1g'}		{'East Indians', 'Jewelry theft', 'England', '19th century', 'History', 'Police'}	The moonstone	1868
Disraeli Benjamin Earl of Beaconsfield	B2382	{5221933}	{'uiuo.ark+=13960=t4kk9kv34', 'uiuo.ark+=13960=t1bk1nv9t', 'uiuo.ark+=13960=t5n87jj5p'}	{'Jewish fiction', 'War stories', 'Historical fiction', 'Bibliographies'}	{'Second, 1147-1149', 'Crusades', 'Jews', 'Islam', 'Relations', 'Messianism', 'Latin Kingdom, 1099-1244', 'Princes', 'Judaism', '70-1789', 'History'}	The wondrous tale of Alroy	1833
Dodd Anna Bowman	B2345	{8978828, 3168428}	{'uc2.ark+=13960=t53f4ng7m'}		{'Athens (Greece)', 'History'}	On the knees of the gods	1908
Curtis Albert Charles	B1598	{6827665}	{'nyp.33433074951769'}		{'Burgh, Hubert de', 'History', '13th century', 'd. 1243'}	The good sword Belgarde or How de Burgh held Dover	1908
Jókai Mór	B4314	{8879396}	{'nyp.33433082188826'}		{'Hungarian fiction', 'Uprising of 1848-1849', 'History', 'Revolution, 1848-1849'}	The day of wrath	1900
Dickson Harris	B2136	{8889384}	{'mdp.39015063511631'}		{'Louis XIV, 1643-1715', 'History'}	The siege of Lady Resolute a n	1902
Kennedy Sara Beaumont Cannon	B4616	{3182574}	{'uc2.ark+=13960=t45q4rz77'}		{'Virginia', 'History', 'Colonial period, ca. 1600-1775'}	The wooing of Judith	1902
Scott Walter Sir	B7700	{8565754, 6805270}	{'uiuo.ark+=13960=t5s760q0d', 'uc2.ark+=13960=t5gb23h15', 'uiuo.ark+=13960=t86h56406'}	{'Bibliographies'}	{'James I, 1603-1625', 'Great Britain', 'History'}	The fortunes of Nigel	1822
Dillin Mary C Johnson Mrs	B2190	{3283246}	{'nyp.33433074810106'}	{'Historical fiction'}		The patience of John Morland	1909
Laut Agnes C Agnes Christina	B5001	{9412952}	{'uc2.ark+=13960=t9571hd9j'}		{'Juvenile fiction', 'Northwest Territories', 'History'}	Lords of the North	1900
Hyatt Stanley Portal	B3519	{6836848, 9041508}	{'mdp.39015013398220'}		{'1898 - 1946', 'History', '(OCoLC)fst01205261', '1898-1946'}	The little brown brother	1908
Grattan Thomas Colley	B3304	{5838309, 4701678}	{'uiuo.ark+=13960=t87h2044t', 'uiuo.ark+=13960=t09w0tz8w'}		{'Netherlands', 'Wars of Independence, 1567-1625', 'Wars of Independence, 1556-1648', 'Wars of independence, 1567-1625', 'History'}	The heiress of Bruges	1830
Jókai Mór	B4268	{8996399}	{'nyp.33433070244508'}		{'Uprising of 1848-1849', 'History'}	The barons sons a romance of the Hungarian revolution of 1848	1900
Spender Harold	B7489	{3174219}	{'nyp.33433075752265'}	{'History'}	{'Revolution, 1789-1799', 'History'}	At the sign of the guillotine	1895
Jókai Mór	B4264	{6815646}	{'njp.32101073803247'}		{'History'}	Midst the wild Carpathians a n	1898
Harris Joel Chandler	B3551	{6831959}	{'mdp.39015051142274'}		{'History', 'Civil War, 1861-1865'}	A little Union scout	1904
Banim John	B1169	{5124430, 8920550}	{'wu.89087923983', 'wu.89087924015'}	{'War stories', 'Historical fiction'}		The croppy A tale	1839
Wentworth Patricia	B8620	{8917450, 2442750, 3202311}	{'nyp.33433075767438'}		{'Revolution, 1789-1799', 'History'}	A marriage under the terror	1910
Hope Anthony	B3662	{9409955, 3433685}	{'nyp.33433074853197'}	{'History'}	{'Charles II, 1660-1685', 'History'}	Simon Dale	1897
Lymburner A L	B5014	{4961793}	{'uiuo.ark+=13960=t4rj4zk6v', 'uiuo.ark+=13960=t0ns18d6k'}		{'Song dynasty, 960-1279', 'China', 'History'}	The fall of the Nan Soung	1846
Johnston Mary	B4250	{8925364}	{'mdp.39015063920121'}		{'Constitutional period, 1789-1809', 'History'}	Lewis Rand	1908
Lytton Edward Bulwer Lytton Baron	B5097	{8993792, 2867530, 4341412, 4987878}	{'uc2.ark+=13960=t4zg6k62c'}	{'Bibliographies', 'History', 'ContainsBiogMaterial'}		The last of the barons	1843
Lysons Samuel	B4813	{8653666}	{'nyp.33433074875430'}		{'Roman period, 55 B.C.-449 A.D', 'History'}	Claudia and Pudens or The early Christians of Gloucestera tale of the first century	1819
Brady Cyrus Townsend	B799	{8895059}	{'uc1.b3322028'}		{'United States', 'History', 'Civil War, 1861-1865'}	A little traitor to the South a wartime comedy with a tragic interlude	1903
James G P R George Payne Rainsford	B4261	{4995976}	{'njp.32101067647790', 'njp.32101067647816', 'njp.32101067647808'}		{'English fiction', '823J23W1849', 'Richard III, 1483-1585', 'History'}	The woodmana romance of the times of Richard III	1849
Hewlett J Joseph	B3606	{4968743}	{'njp.32101063581167'}		{'Civil War, 1642-1649', 'History'}	Dunster Castlean historical romance of the Great Rebellion	1846
Glascock W N William Nugent	B3088	{6140732}	{'nyp.33433008489217'}		{'Great Britain', 'History', 'Royal Navy'}	Naval sketchbook or The service afloat and ashore with characteristic reminiscences fragments and opinions	1834
MacFarlane Charles	B5220	{4691108}	{'hvd.hwnp7a', 'hvd.hwnp79'}		{'History'}	The romance of historyItaly	1832
Gras Félix	B3189	{3169911}	{'uc1.$b254626'}		{'Revolution, 1789-1799', 'France', 'History'}	The reds of the Midi	1896
McCarthy Justin HJustin Huntly	B5310	{6772962, 8877946}	{'mdp.39015063933181'}	{'ContainsBiogMaterial'}	{'In literature', 'Louis XI, 1461-1483', 'b. 1431', 'Villon, François', 'Villon, François', 'History'}	If I were king	1901
Beecher Henry Ward Mrs	B729	{8771387}	{'nyp.33433084129067'}		{'Description and travel', 'Village communities', 'History', 'New England', 'Civil War, 1861-1865'}	Norwood or Village life in New England	1867
Kingsley Henry	B4586	{8441650, 8632494, 6246198}	{'uc2.ark+=13960=t2q52mj1f', 'uc2.ark+=13960=t3nv9gf05', 'uc2.ark+=13960=t6vx0cc6w', 'pst.000049906899'}	{'Bibliographies'}	{'Australian fiction', '1788-1900', 'Shorter, Clement King', '1857-1926', 'Australia', 'Frontier and pioneer life', 'History', 'British'}	The recollections of Geoffry Hamlyn	1859
Pemberton Max Sir	B6532	{6666984}	{'nyp.33433075765242'}	"{'Pictorial cloth bindings (Binding)', ""Publishers' cloth bindings (Binding)"", 'United States', 'History'}"	{'Venice (Italy)', 'History', 'Short stories'}	The signors of the nightthe story of Fra Giovanni the soldiermonk of Venice and of others in the Silent Cityby Max Pemberton	1899
Mitchell S Weir Silas Weir	B5671	{3169768}	{'uc2.ark+=13960=t0rr1pp38'}		{'Revolution, 1789-1799', 'France', 'History', 'Revolution'}	The adventures of Franois	1898
Silone Ignazio	B7417	{2492356}	{'mdp.39015076846669'}		{'1922-1945', 'History'}	Fontamara	1938
Forster E M Edward Morgan	B2672	{9071402}	{'mdp.39015005111680', 'pst.000029721290'}	{'Edwardian novels', 'Historical fiction'}	{'Social conflict', '20th century', 'Man-woman relationships', 'England', 'Sisters', 'Social life and customs', 'Inheritance and succession'}	Howards End	1911
Trumbull Annie Eliot	B8128	{9220983}	{'nyp.33433076042195'}		{'History', 'Colonial period, ca. 1600-1775'}	Mistress Content Cradock	1899
Sienkiewicz Henryk	B7627	{8848985}	{'uc1.b4795728', 'uc1.b4795729'}		{'John II Casimir, 1648-1668', 'History'}	The delugean historical novel of Poland Sweden and Russiaa sequel to With fire and sword	1891
Mundy Talbot	B6080	{3210732}	{'mdp.39015009020440'}	{'War stories', 'History', 'Historical fiction', 'Love stories'}		Kingof the Khyber rifles a rom	1916
Fox John	B2894	{8888841, 6802490, 3180869}	{'uva.x004639182'}		{'United States', 'History', 'Civil War, 1861-1865'}	The little shepherd of Kingdom Come	1903
Doyle Arthur Conan Sir	B2386	{3173273, 8776378}	{'uiuo.ark+=13960=t49p3rf71', 'uiuo.ark+=13960=t53f5g07n', 'uiuo.ark+=13960=t2988xr4w'}		{'Huguenots', 'To 1763 (New France)', 'France', 'Canada', 'Louis XIV, 1643-1715', 'History'}	The refugees	1893
Zilahy Lajos	B9074	{3238186}	{'uc1.b3456907'}		{'1872-1945', 'Prisoners and prisons', 'History', 'World War, 1914-1918'}	Two prisoners	1931
Jókai Mór	B4269	{8856329}	{'nyp.33433074389531'}		{'History', '1699-1848'}	The nameless castlea novel	1898
Crumpe	B1816	{4700855}	{'uiuo.ark+=13960=t0dv1w173', 'uiuo.ark+=13960=t5j96gx5t', 'uiuo.ark+=13960=t9j393d7p'}		{'Ireland', '1558-1603', 'History'}	Geraldine of Desmond or Ireland in the reign of Elizabeth	1829
Sedgwick Catharine Maria	B7529	{4699031}	{'nyp.33433076029788', 'nyp.33433076029796'}	{'Bibliographies'}	{'Revolution, 1775-1783', 'Domestic fiction', 'History', 'American loyalists'}	The Linwoodsor Sixty years since in America	1835
Aldanov Mark Aleksandrovich	B136	{3215108}	{'uc1.b4398257'}		{'Revolution, 1789-1799', 'History'}	The ninth Thermidor	1926
Crane Stephen	B1861	{3178467}	{'uva.x000208724'}	{'Bibliographies'}	{'Chancellorsville, Battle of, Chancellorsville, Va., 1863', 'History', 'Civil War, 1861-1865'}	The red badge of courage an episode of the American civil war	1900
Mundy Talbot	B5256	{3210732}	{'mdp.39015009020440'}	{'War stories', 'History', 'Historical fiction', 'Love stories'}	{'Sepoy Rebellion, 1857-1858', 'India', 'History', 'British'}	Kingof the Khyber rifles a romance of adventure	1916
Colquhoun Katharine	B1823	{4444035}	{'uiuo.ark+=13960=t3vt1zp31', 'uiuo.ark+=13960=t9474q59q', 'uiuo.ark+=13960=t15m6j33h'}		{'Saxony (Germany)', '1423-1815', '1521-1553', 'Elector of Saxony', 'History', 'Maurice'}	Maurice the Elector of Saxony	1844
Stephens Robert Neilson	B7519	{9232322}	{'nyp.33433076021850'}		{'Revolution, 1775-1783', 'History'}	The continental dragoon a love story of Philipse manorhouse in 1778	1898
Scott John Reed	B7724	{8921202, 6817467}	{'uc2.ark+=13960=t73t9g924'}		{'Great Britain', 'House of York, 1461-1485', 'History'}	Beatrix of Clare	1907
Hogg James	B3695	{4693853}	{'nyp.33433074868187'}		{'English fiction', '17th century', 'History', 'Scottish authors'}	Tales of the wars of Montrose	1835
Parrish Randall	B6650	{9282476}	{'uc2.ark+=13960=t3319sj8v'}		{'United States', 'History', 'Civil War, 1861-1865'}	My lady of the North	1904
Radcliffe Ann Ward	B6910	{4693237}	{'mdp.39015028095787'}	{'ContainsBiogMaterial'}	{'History', 'Henry III, 1216-1272'}	Gaston de Blondeville or The court of Henry IIIA romance	1823
Bird Robert Montgomery	B1081	{8893062}	{'wu.89099908337', 'wu.89099908345'}		{'Conquest, 1519-1540', 'History'}	Calavar or The knight of the conquest a romance of Mexico	1834
Allardyce Alexander	B196	{8595958}	{'uiuo.ark+=13960=t17m0j24w', 'uiuo.ark+=13960=t2794f36r'}		{'Calcutta (India)', 'English fiction', 'History'}	The city of sunshine	1877
Snaith J C John Collis	B7717	{2437219}	{'uc2.ark+=13960=t6sx66845'}		{'Great Britain', 'History', 'Revolution of 1688'}	Mistress Dorothy Marvin	1896
Charles Elizabeth Rundle	B1615	{8629380}	{'nyp.33433074970546'}		{'To 1485', 'History'}	The early dawn or Sketches of Christian life in England in the olden time	1864
Fitchett W H William Henry	B2760	{8910747}	{'nyp.33433075727135'}		{'Revolution, 1789-1799', 'Napoleon', 'History', '1769-1821', 'Emperor of the French'}	A pawn in the game	1907
Yonge Charlotte M Charlotte Mary	B9040	{4858307, 9432483}	{'uiuo.ark+=13960=t4hm5wv4j', 'uiuo.ark+=13960=t11n8rr4v'}	{'Bibliographies'}	{'Maximilian', 'Maximilian I, 1493-1519', '1459-1519', 'Holy Roman Emperor', 'Holy Roman Empire', '823Y8D1866', 'English fiction', 'History'}	The dove in the eagles nest	1866
Aguilar Grace	B83	{9001529, 5000836}	{'nyp.33433074945910'}		{'Inquisition', 'Ferdinand and Isabella, 1479-1516', 'History', 'Spain'}	The vale of cedars or The martyr	1847
MacGill Patrick	B5231	{2435699, 9112390}	{'inu.39000000391446', 'nyp.33433074875596'}	{'Historical fiction'}	{'Boardinghouses', 'Glasgow', 'Women immigrants', 'Scotland', 'Prostitutes', 'Irish', 'Poor women'}	The ratpit	1915
Altsheler Joseph A Joseph Alexander	B86	{8840560, 6794467}	{'nyp.33433074946132'}		{'French and Indian War, 1755-1763', 'French and Indian war, 1755-1763', 'History'}	A soldier of Manhattan and his adventures at Ticonderoga and Quebec	1899
Cooper James Fenimore	B1927	{8720962}	{'njp.32101079670293'}	{'Western stories', 'Bibliographies', 'Historical fiction'}		The prairiea tale	1836
Evans Augusta J Augusta Jane	B2596	{9458182}	{'uc1.b4102284'}	"{""Publishers' bindings (Binding)"", 'United States'}"	{'History', 'Civil War, 1861-1865'}	Macaria	1864
Merwin Samuel	B5544	{6763235}	{'nyp.33433076045693'}	{'History'}	{'To 1763 (New France)', 'History'}	The road to Frontenac	1901
Farrar F W Frederic William	B2811	{8926623}	{'uc1.$b112762', 'uc1.$b112761'}		{'Nero, 54-68', 'History', 'Rome'}	Darkness and dawn or Scenes in the days of Nero	1891
Dumas Alexandre	B2404	{4089860}	{'uva.x030742958'}		{'History', 'Francis II, 1559-1560'}	The horoscope	1870
Maberly	B5847	{8408339}	{'uiuo.ark+=13960=t47p9h881'}		{'Medici, House of', 'History', 'Florence (Italy)'}	Melanthe or The days of the Me	1843
Dickson Harris	B2194	{6812392, 8877489}	{'nyp.33433074811245'}	{'History'}	{'Louis XIV, 1643-1715', 'History'}	The black wolfs breed a story of France in the Old world and the New happening in the reign of Louis XIV	1899
Rayner Emma	B7113	{8869873}	{'uc2.ark+=13960=t6ww7cm0r'}		{'History', 'New York (N.Y.)'}	Free to serve	1897
Murray Eustace Clare Grenville	B5833	{8510764}	{'uiuo.ark+=13960=t13n2sk5v'}		{'Second Empire, 1852-1870', 'France', 'History'}	The member for Paris	1871
QuillerCouch Arthur Thomas Sir	B6845	{8899940, 6822557}	{'uc2.ark+=13960=t2k64k49c'}		{'History', 'United States', 'French and Indian War, 1754-1763'}	Fort Amity	1904
Newbolt Henry John Sir	B6168	{8926642, 3281143}	{'uc2.ark+=13960=t9m32wm7v'}		{'Richard II, 1377-1399', 'Great Britain', 'History'}	The new June	1909
Harris Joel Chandler	B4056	{8879473, 6758300}	{'nyp.33433076088305'}	{'History'}		On the wing of occasions being	1900
Chesnutt Charles W Charles Waddell	B1424	{8902136}	{'nc01.ark+=13960=t50g4wj3w'}		{'North Carolina', 'Economic conditions', 'Race relations', 'Veterans', 'United States', 'Racism', 'Southern States', 'City and town life', 'Civil War, 1861-1865', 'Failure (Psychology)', 'Rich people', 'African Americans', 'Social conditions', 'History'}	The colonels dream	1905
Cable George Washington	B1353	{6733304}	{'mdp.39015005354504'}		{'History', 'Civil War, 1861-1865'}	Strange true stories of Louisiana	1889
Sherwood Mary Martha 17751851 Mrs	B7429	{9028641}	{'njp.32101064630062'}	{'Juvenile audience'}	{'Juvenile fiction', 'History'}	The mirror of maidens in the days of Queen Bess	1851
Trollope Anthony	B8169	{8519142}	{'uc1.b4104233'}		{'19th century', 'Australia', 'Social life and customs', 'Frontier and pioneer life', 'History', 'British'}	Harry Heathcote of Gangoil A tale of Australian bush life	1874
Crockett S R Samuel Rutherford	B1782	{3167331}	{'uc2.ark+=13960=t7br8vh9v'}		{'English fiction', 'Covenanters', '17th century', 'History', 'Scotland'}	The men of the Moss Hags	1895
Parrish Randall	B6505	{8915911}	{'nnc1.cu58326820'}		{'French and Indian War, 1755-1763', 'History', 'United States', 'French and Indian War, 1754-1763'}	A sword of the old frontiera tale of Fort Chartres and Detroit	1905
Gresley W William	B3035	{8232383}	{'mdp.39015063553161'}		{'Puritan Revolution, 1642-1660', 'History'}	The siege of Lichfield a tale illustrative of the great rebellion	1840
Thackeray William Makepeace	B8193	{8647252}	{'uc2.ark+=13960=t42r3tw8p'}	{'Novel'}	{'George II, 1727-1760', '1811-1863', 'Dictionaries, indexes, etc', 'Thackeray, William Makepeace', 'French and Indian War, 1755-1763', 'Revolution, 1775-1783', 'History', 'French and Indian War, 1754-1763'}	The Virginians a tale of the last century	1859
graf Tolstoy Aleksey Konstantinovich	B9105	{3226265}	{'mdp.39015031896759'}		{'Ivan IV, 1533-1584', 'History'}	A prince of outlaws	1875
L E L Letitia Elizabeth Landon	B4782	{8890125, 5219469, 6190903}	{'njp.32101068972742'}	{'Bibliographies'}	{'Louis XIV, 1643-1715', 'Commonwealth and Protectorate, 1649-1660', 'History'}	Francesca Carrara	1834
Smith Alice Prescott Mrs	B7533	{6818583}	{'nyp.33433076033947'}		{'History', 'French and Indian War, 1754-1763'}	Montlivet	1906
Paterson Arthur	B6668	{8877744}	{'uc2.ark+=13960=t54f1pf7r'}		{'William and Mary, 1689-1702', 'Great Britain', 'History'}	The kings agent	1902
Fitzpatrick Thomas	B2765	{9214620}	{'nyp.33433075727481'}		{'1649-1660', 'History'}	The king of Claddagha story of the Cromwellian occupation of Galway	1899
Stevenson Robert Louis	B7821	{9336498}	{'uva.x000181264'}	{'Historical fiction'}	{'18th century', 'Kidnapping', 'History'}	Kidnapped being memoirs of the adventures of David Balfour in the year 1751	1890
Lang Andrew	B4938	{8837485, 3164829}	{'uc2.ark+=13960=t1dj5dq8f'}		{'Joan', 'France', '1412-1431', 'Charles VII, 1422-1461', 'History', 'of Arc, Saint'}	A monk of Fife	1896
Dickens Charles	B2108	{8526331}	{'uc1.32106011757181', 'mdp.39015014667003'}	{'Bibliographies', 'Bildungsromane'}	{'Revenge', 'Orphans', 'Social conditions', 'Young men', 'Revolution, 1789-1799', 'Man-woman relationships', '19th century', 'England', 'Ex-convicts', 'Social life and customs', 'Benefactors', 'History'}	Great expectations	1850
Major Charles	B5337	{8977454}	{'mdp.49015000541525'}		{'History', 'Elizabeth, 1558-1603'}	Dorothy Vernon of Haddon Hall	1902
Gibson Charles B Charles Bernard	B3038	{8682099}	{'mdp.39015063870243'}		{'To 1603', 'Fitzgerald, James Fitzthomas', 'History', 'd. 1608'}	The last earl of Desmond a historical romance of 15991603	1854
Jokai Mor	B4325	{8849686}	{'uc1.32106010905542'}		{'Janizaries', '1741-1822', 'History', 'Ali, pasha of Janina', 'Mahmud II, 1808-1839'}	The lion of Janina or The last days of the Janissaries a Turkish novel	1898
Cahan Abraham	B1700	{6819237, 9428943}	{'uc2.ark+=13960=t0zp3ww1d'}		{'Russia', 'Alexander II, 1855-1881', 'History'}	The white terror and the red	1905
WhyteMelville G J George John	B8799	{8524263}	{'uc2.ark+=13960=t5q81dg02'}		{'La Valli????re, Louise de', 'France', 'History', '1644-1710', 'Louis XIV, 1643-1715'}	Sister Louise	1876
Ludlow James M James Meeker	B5044	{8885475}	{'uva.x030758867'}		{'History', '586 B.C.-70 A.D', 'Jews', 'Maccabees'}	Deborah a tale of the times of Judas Maccabeens	1901
Pottinger Henry	B6729	{6701677}	{'uiuo.ark+=13960=t43r1hn5x', 'uiuo.ark+=13960=t5m90vz2q', 'uiuo.ark+=13960=t3kw62633'}		{'To 1453', 'Istanbul (Turkey)', 'History'}	Blue and green or The gift of God	1879
Adam Juliette	B172	{3172009, 6805141}	{'uc2.ark+=13960=t6445n076'}		{'Second Empire, 1852-1870', 'France', 'History', 'IsBiographical'}	My literary life	1904
De Forest John William	B2164	{8500512, 4382121, 8773746}	{'nc01.ark+=13960=t3mw2v80v'}		{'United States', 'History', 'Civil War, 1861-1865'}	Miss Ravenels conversion from secession to loyalty	1867
Sabatini Rafael	B7420	{3202420}	{'mdp.39076005385476', 'mdp.39076005385484'}		{'History', '(OCoLC)fst00958235'}	The historical nights entertainment	1917
Robinson Emma	B7039	{4980864}	{'uc1.b4104307'}		{'Civil War, 1642-1649', 'History'}	Whitehall or The days of Charles the firstan historical romance	1853
Neale J M John Mason	B6183	{8637673}	{'uva.x030809870'}		{'History', 'Cyprian', 'Saint, Bishop of Carthage'}	The farm of Aptonga a story of the time of S Cyprian	1866
Scott Walter Sir	B7463	{5017772}	{'nyp.33433075744494'}	{'Bibliographies'}	{'Great Britain', 'Commonwealth and Protectorate, 1649-1660', 'History'}	Woodstock or The cavalierA tale of the year sixteen hundred and fiftyone	1826
Lyle Eugene P Eugene Percy	B4944	{9286660}	{'uc2.ark+=13960=t27941g0t'}		{'Mexico', 'History', 'European intervention, 1861-1867'}	The Missourian	1905
Glasgow Ellen Anderson Gholson	B3340	{6805130}	{'uva.x004274278'}		{'History', 'Civil War, 1861-1865'}	The battleground	1902
Dickson Harris	B2534	{6812392, 8877489}	{'nyp.33433074811245'}	{'History'}		The black wolfs breed a story	1899
Conner Rearden	B1661	{3233517}	{'uc1.$b56405'}		{'1920-', 'History'}	Shake hands with the devil	1934
Manning Anne	B5474	{4994546, 9159042}	{'nyp.33433074899000'}		{'Osborne, Edward', 'London (England)', 'History', '1530?-1591', '16th century'}	The colloquies of Edward Osborne citizen and clothworker of London	1860
Sienkiewicz Henryk	B7298	{3170310}	{'mdp.39015033132625', 'coo.31924014271260', 'mdp.39076007044808', 'uiuo.ark+=13960=t5bc3x12s'}	{'Historical fiction'}	{'Translations into Greek, Modern', 'Greek fiction', 'Polish fiction', 'Church history', 'Primitive and early church, ca. 30-600', 'Rome', 'Fiction in Polish, 1795-1919 - English texts', 'Nero, 54-68', 'History', 'Translations from Polish'}	Quo vadis	1896
Montagu Violette M	B5236	{6847150}	{'loc.ark+=13960=t4rj54j5c'}		{'Mme', 'Friends and associates', 'Court and courtiers', 'Biography', 'France', '1789-1815', 'Napoleon', '1769-1821', 'Nobility', '1752-1822', '(Jeanne-Louise-Henriette)', 'Campan', 'Louis XVI, 1774-1793', 'IsBiographical', 'History', 'Emperor of the French'}	The celebrated Madame Campan	1914
Fraser Hugh Mrs	B2674	{8949326}	{'mdp.39015010807835', 'mdp.39015010807827'}	{'Biography', 'Autobiography', 'History'}	"{'-1922', 'Description and travel', 'Fraser, Hugh', 'Biography', 'Mrs', ""Diplomats' spouses"", 'Social life and customs', 'History'}"	A diplomatists wife in many lands	1910
James G P R George Payne Rainsford	B4236	{5125664, 8690685}	{'nyp.33433074869128', 'mdp.39015036640459'}		{'1457-1482', 'Marie', 'Duchess of Burgundy', 'History'}	Mary of Burgundy or The revolt of Ghent	1833
Benson B K Blackwood Ketcham	B479	{9235632, 6833166}	{'njp.32101064787755'}	{'History'}	{'History', 'Civil War, 1861-1865'}	A friend with the countersign	1901
